year,capacity,capacity_label,n,mean,sd,cv_pct
2010,C.Legfin,Legislación+financiamiento,104,69.47,24.87,35.8
2010,C2,Coordinación,124,69.27,22.06,31.85
2010,C.Vigilance,Vigilancia,124,63.06,21.74,34.48
2010,C.LabResponse,Laboratorio,124,65.77,27.16,41.3
2011,C.Legfin,Legislación+financiamiento,130,73.85,27.29,36.96
2011,C2,Coordinación,155,69.46,27.61,39.75
2011,C.Vigilance,Vigilancia,154,77.31,20.37,26.35
2011,C.LabResponse,Laboratorio,154,71.95,24.04,33.41
2012,C.Legfin,Legislación+financiamiento,119,78.78,25.96,32.96
2012,C2,Coordinación,138,71.83,24.45,34.04
2012,C.Vigilance,Vigilancia,139,80.79,18.14,22.45
2012,C.LabResponse,Laboratorio,139,75.73,22.58,29.81
2013,C.Legfin,Legislación+financiamiento,140,80.3,25.95,32.32
2013,C2,Coordinación,154,75.66,24.2,31.99
2013,C.Vigilance,Vigilancia,155,82.34,16.85,20.47
2013,C.LabResponse,Laboratorio,155,78.15,22.76,29.12
2014,C.Legfin,Legislación+financiamiento,151,82.95,22.43,27.04
2014,C2,Coordinación,161,79.47,22.2,27.94
2014,C.Vigilance,Vigilancia,161,84.94,16.43,19.35
2014,C.LabResponse,Laboratorio,159,81.69,20.08,24.58
2015,C.Legfin,Legislación+financiamiento,119,86.87,22.24,25.61
2015,C2,Coordinación,126,83.83,20.12,24.01
2015,C.Vigilance,Vigilancia,126,88.02,14.3,16.24
2015,C.LabResponse,Laboratorio,125,84.68,17.85,21.08
2016,C.Legfin,Legislación+financiamiento,122,86.27,22.06,25.57
2016,C2,Coordinación,131,83.46,21.61,25.89
2016,C.Vigilance,Vigilancia,131,87.02,15.6,17.93
2016,C.LabResponse,Laboratorio,131,82.66,19.5,23.59
2017,C.Legfin,Legislación+financiamiento,146,82.02,24.7,30.11
2017,C2,Coordinación,162,76.59,27.68,36.14
2017,C.Vigilance,Vigilancia,164,82.96,17.07,20.58
2017,C.LabResponse,Laboratorio,164,81.39,20.01,24.58
2018,C.Legfin,Legislación+financiamiento,183,61.73,27.84,45.11
2018,C2,Coordinación,183,67.27,25.75,38.27
2018,C.Vigilance,Vigilancia,183,71.48,19.93,27.89
2018,C.LabResponse,Laboratorio,183,70.08,21.36,30.48
2019,C.Legfin,Legislación+financiamiento,175,65.79,25.11,38.17
2019,C2,Coordinación,175,70.06,24.88,35.51
2019,C.Vigilance,Vigilancia,175,73.37,19.34,26.36
2019,C.LabResponse,Laboratorio,175,71.73,21.35,29.77
2020,C.Legfin,Legislación+financiamiento,174,66.28,24.45,36.88
2020,C2,Coordinación,174,70.23,23.18,33.01
2020,C.Vigilance,Vigilancia,174,75.98,17.5,23.03
2020,C.LabResponse,Laboratorio,174,74.42,19.32,25.96
2021,C.Legfin,Legislación+financiamiento,184,57.2,22.13,38.69
2021,C2,Coordinación,184,65.6,22.16,33.78
2021,C.Vigilance,Vigilancia,184,80.6,16.99,21.08
2021,C.LabResponse,Laboratorio,184,72.26,17.8,24.63
2022,C.Legfin,Legislación+financiamiento,186,59.92,21.69,36.21
2022,C2,Coordinación,186,66.84,21.7,32.46
2022,C.Vigilance,Vigilancia,186,83.39,13.67,16.39
2022,C.LabResponse,Laboratorio,186,73.51,16.85,22.92
2023,C.Legfin,Legislación+financiamiento,194,58.48,20.73,35.45
2023,C2,Coordinación,194,65.31,21.67,33.17
2023,C.Vigilance,Vigilancia,194,79.28,17.73,22.37
2023,C.LabResponse,Laboratorio,194,70.33,18.75,26.66
2024,C.Legfin,Legislación+financiamiento,195,58.74,20.16,34.32
2024,C2,Coordinación,195,66.46,20.52,30.88
2024,C.Vigilance,Vigilancia,195,79.54,16.19,20.36
2024,C.LabResponse,Laboratorio,195,69.54,17.47,25.13
2025,C.Legfin,Legislación+financiamiento,187,59.49,20.05,33.7
2025,C2,Coordinación,187,66.7,20.47,30.7
2025,C.Vigilance,Vigilancia,187,79.36,15.98,20.14
2025,C.LabResponse,Laboratorio,187,69.16,16.86,24.39
